state_name,county_name,year,farms,cropland_acres,harvested_cropland_acres,irrigated_acres,market_value_total_dollars,crops_sales_dollars,livestock_sales_dollars,gov_payments_dollars,apples_acres,wheat_acres,rice_acres,hazelnuts_acres,grass_seed_bentgrass_acres,grass_seed_bermudagrass_acres,grass_seed_bluegrass_acres,grass_seed_bromegrass_acres,grass_seed_fescue_acres,grass_seed_orchardgrass_acres,grass_seed_ryegrass_acres,grass_seed_sudangrass_acres,grass_seed_wheatgrass_acres,corn_acres,corn_silage_acres,hay_acres,haylage_acres,beef_cattle_head,dairy_cattle_head,farms_1_9_acres,farms_10_49_acres,farms_50_69_acres,farms_70_99_acres,farms_100_139_acres,farms_140_179_acres,farms_180_499_acres,farms_500_999_acres,farms_1000_1999_acres,farms_2000_plus_acres
CA,ALAMEDA,2022,397.0,14619.0,8145.0,7361.0,134429000.0,119191000.0,15238000.0,2826000.0,,,,,,,,,,,,,,,,2461.0,,7611.0,,149.0,72.0,21.0,13.0,32.0,16.0,48.0,17.0,12.0,17.0
CA,ALPINE,2022,4.0,,,,,,,,,,,,,,,,,,,,,,,,,,,,,,,,2.0,,1.0,1.0,
CA,AMADOR,2022,445.0,9434.0,5484.0,9115.0,25329000.0,15756000.0,9573000.0,482000.0,2.0,,,20.0,,,,,,,,,,,,2065.0,,7581.0,10.0,65.0,139.0,44.0,36.0,31.0,10.0,72.0,23.0,13.0,12.0
CA,BUTTE,2022,1667.0,207138.0,177975.0,180090.0,514086000.0,490451000.0,23636000.0,7682000.0,30.0,529.0,69496.0,,,,,,,,,,,1594.0,,4691.0,2161.0,9096.0,185.0,551.0,528.0,67.0,80.0,57.0,57.0,186.0,65.0,44.0,32.0
CA,CALAVERAS,2022,603.0,4685.0,2788.0,4428.0,31692000.0,7422000.0,24270000.0,1607000.0,24.0,,,,,,,,,,,,,,,908.0,,12497.0,13.0,218.0,179.0,23.0,16.0,30.0,18.0,43.0,15.0,22.0,39.0
CA,COLUSA,2022,715.0,276014.0,169808.0,171743.0,552806000.0,535080000.0,17726000.0,9798000.0,5.0,6353.0,36907.0,,,,,,,,,,,338.0,,5505.0,,9557.0,,65.0,154.0,46.0,40.0,54.0,34.0,144.0,75.0,58.0,45.0
CA,CONTRA COSTA,2022,405.0,26729.0,9869.0,12303.0,93429000.0,76859000.0,16570000.0,2401000.0,15.0,,,,,,,,,,,,,,,1813.0,,11274.0,,176.0,114.0,26.0,10.0,12.0,,20.0,5.0,20.0,22.0
CA,DEL NORTE,2022,54.0,6866.0,5773.0,7593.0,44188000.0,10911000.0,33277000.0,80000.0,4.0,,,,,,,,,,,,,,,2879.0,,181.0,,17.0,15.0,1.0,2.0,4.0,3.0,8.0,2.0,1.0,1.0
CA,EL DORADO,2022,1204.0,9246.0,4958.0,5092.0,32156000.0,23391000.0,8765000.0,1163000.0,465.0,,,,,,,,,,,,,3.0,,105.0,,4294.0,49.0,490.0,510.0,46.0,54.0,30.0,19.0,28.0,12.0,7.0,8.0
CA,FRESNO,2022,4427.0,1182023.0,988985.0,985055.0,6995967000.0,5099734000.0,1896233000.0,63438000.0,68.0,14368.0,,,,,,,,,,,,900.0,27389.0,41645.0,27350.0,39277.0,111876.0,646.0,1594.0,261.0,279.0,221.0,188.0,568.0,329.0,183.0,158.0
CA,GLENN,2022,1084.0,241032.0,186455.0,198569.0,548427000.0,427890000.0,120537000.0,12254000.0,,1864.0,35154.0,,,,,,,,,,,3414.0,3457.0,15154.0,3905.0,15706.0,13491.0,150.0,345.0,31.0,71.0,65.0,60.0,184.0,70.0,63.0,45.0
CA,HUMBOLDT,2022,721.0,15970.0,9529.0,11678.0,178881000.0,90603000.0,88278000.0,3829000.0,39.0,24.0,,3.0,,,,,,,,,,,756.0,2702.0,5146.0,31126.0,6904.0,171.0,194.0,26.0,41.0,42.0,30.0,73.0,37.0,35.0,72.0
CA,IMPERIAL,2022,482.0,702024.0,634602.0,623755.0,3046146000.0,2236942000.0,809205000.0,8698000.0,,42559.0,,,,13048.0,,,,,,2547.0,,1136.0,5993.0,428514.0,24700.0,7883.0,13921.0,34.0,49.0,6.0,11.0,12.0,11.0,64.0,76.0,70.0,149.0
CA,INYO,2022,63.0,13854.0,6574.0,19077.0,23636000.0,14529000.0,9108000.0,1326000.0,,,,,,,,,,,,,,,,6541.0,,8023.0,,16.0,5.0,,1.0,1.0,8.0,4.0,11.0,6.0,11.0
CA,KERN,2022,1691.0,994576.0,812470.0,817526.0,5013363000.0,3932779000.0,1080584000.0,34096000.0,866.0,5396.0,,,,,,,,,,,,,36155.0,61068.0,25409.0,36564.0,129250.0,252.0,299.0,35.0,115.0,86.0,95.0,297.0,167.0,152.0,193.0
CA,KINGS,2022,862.0,452269.0,353187.0,350462.0,2133236000.0,1071407000.0,1061829000.0,11840000.0,,4152.0,,,,,,,,,,,,280.0,49906.0,38798.0,36264.0,19398.0,150643.0,155.0,249.0,30.0,43.0,41.0,35.0,127.0,84.0,49.0,49.0
CA,LAKE,2022,581.0,19386.0,15303.0,13204.0,70962000.0,67322000.0,3640000.0,2033000.0,5.0,54.0,,,,,,,,,,,,,,1340.0,,1622.0,4.0,157.0,258.0,26.0,23.0,21.0,24.0,42.0,12.0,11.0,7.0
CA,LASSEN,2022,419.0,84824.0,62939.0,82674.0,98090000.0,65151000.0,32939000.0,6519000.0,6.0,1056.0,,,,,,,,,,,,32.0,,52470.0,1959.0,24829.0,33.0,81.0,104.0,18.0,19.0,21.0,8.0,58.0,28.0,14.0,68.0
CA,LOS ANGELES,2022,766.0,30500.0,20422.0,14057.0,199849000.0,177940000.0,21909000.0,318000.0,7.0,,,,,,,,,,,,,,,9564.0,111.0,413.0,,517.0,162.0,13.0,29.0,8.0,4.0,9.0,9.0,4.0,11.0
CA,MADERA,2022,1255.0,390554.0,326426.0,333171.0,2005144000.0,1219319000.0,785825000.0,13835000.0,25.0,1835.0,,,,,,,,,,,,,21400.0,18796.0,14678.0,20358.0,78262.0,127.0,357.0,70.0,116.0,83.0,71.0,166.0,85.0,84.0,96.0
CA,MARIN,2022,255.0,18725.0,8418.0,1590.0,54022000.0,8937000.0,45085000.0,2228000.0,13.0,,,,,,,,,,,,,,,5470.0,2107.0,7026.0,4254.0,56.0,37.0,19.0,27.0,14.0,6.0,26.0,30.0,25.0,15.0
CA,MARIPOSA,2022,388.0,3797.0,2154.0,4116.0,33937000.0,4136000.0,29801000.0,4223000.0,,,,,,,,,,,,,,,,816.0,,11992.0,,78.0,126.0,14.0,16.0,19.0,15.0,36.0,28.0,21.0,35.0
CA,MENDOCINO,2022,975.0,60650.0,28834.0,25341.0,143084000.0,134525000.0,8559000.0,7567000.0,493.0,,,,,,,,,,,,,3.0,,6859.0,1072.0,8996.0,21.0,171.0,275.0,74.0,58.0,54.0,67.0,134.0,48.0,20.0,74.0
CA,MERCED,2022,2047.0,550570.0,495422.0,500340.0,3979951000.0,1637985000.0,2341966000.0,33115000.0,,4112.0,291.0,,,,,,,,,,,3654.0,98715.0,80298.0,60801.0,18900.0,288973.0,288.0,771.0,110.0,115.0,93.0,65.0,264.0,161.0,106.0,74.0
CA,MODOC,2022,426.0,170943.0,128573.0,129834.0,164652000.0,122831000.0,41821000.0,8869000.0,4.0,2711.0,,,,,,,,,,,,,,115416.0,3011.0,32458.0,9.0,33.0,64.0,11.0,37.0,16.0,36.0,75.0,45.0,36.0,73.0
CA,MONO,2022,61.0,18647.0,17291.0,27777.0,35127000.0,31651000.0,3476000.0,2285000.0,,,,,,,,,,,,,,,,16726.0,,42.0,,9.0,12.0,12.0,2.0,,2.0,6.0,1.0,4.0,13.0
CA,MONTEREY,2022,1057.0,363670.0,313320.0,314410.0,5472081000.0,5421074000.0,51007000.0,14657000.0,18.0,,,,,,,,,,,,,427.0,,5722.0,318.0,24212.0,22.0,215.0,210.0,50.0,49.0,46.0,46.0,122.0,91.0,84.0,144.0
CA,NAPA,2022,1772.0,68190.0,59608.0,59440.0,716603000.0,705888000.0,10715000.0,14369000.0,7.0,168.0,,,,,,,,,,,,,,795.0,30.0,3768.0,,733.0,552.0,99.0,69.0,57.0,35.0,133.0,49.0,27.0,18.0
CA,NEVADA,2022,620.0,4133.0,1334.0,5260.0,12916000.0,9405000.0,3511000.0,420000.0,64.0,,,,,,,,,,,,,,,258.0,204.0,2249.0,12.0,229.0,248.0,18.0,15.0,10.0,20.0,64.0,5.0,5.0,6.0
CA,ORANGE,2022,158.0,5114.0,3299.0,3241.0,70707000.0,69533000.0,1175000.0,69000.0,,,,,,,,,,,,,,,,,,50.0,,98.0,32.0,9.0,3.0,6.0,1.0,1.0,7.0,,1.0
CA,PLACER,2022,1093.0,22264.0,11068.0,16189.0,51386000.0,29677000.0,21709000.0,737000.0,62.0,,3214.0,,,,,,,,,,,,,3309.0,,5061.0,90.0,541.0,411.0,29.0,30.0,14.0,16.0,30.0,12.0,3.0,7.0
CA,PLUMAS,2022,161.0,17908.0,13836.0,21002.0,18088000.0,11113000.0,6975000.0,1086000.0,,,,,,,,,,,,,,,,12318.0,652.0,4639.0,,38.0,54.0,12.0,11.0,6.0,4.0,9.0,10.0,5.0,12.0
CA,RIVERSIDE,2022,2424.0,234583.0,183926.0,172127.0,1273498000.0,1113260000.0,160237000.0,5505000.0,66.0,5878.0,,,,,,,,,,,,,,84956.0,4304.0,2201.0,13475.0,1421.0,652.0,72.0,39.0,30.0,23.0,70.0,27.0,43.0,47.0
CA,SACRAMENTO,2022,1118.0,134941.0,112638.0,109549.0,568293000.0,436983000.0,131311000.0,5463000.0,155.0,1966.0,3409.0,,,,,,,,,,,1215.0,14358.0,25362.0,1942.0,11264.0,10165.0,425.0,311.0,32.0,68.0,42.0,21.0,112.0,33.0,49.0,25.0
CA,SAN BENITO,2022,539.0,48007.0,36596.0,31943.0,353251000.0,312282000.0,40969000.0,1704000.0,292.0,,,,,,,,,,,,,11.0,,6207.0,318.0,11719.0,,179.0,124.0,29.0,19.0,8.0,16.0,51.0,30.0,26.0,57.0
CA,SAN BERNARDINO,2022,809.0,18906.0,15210.0,15496.0,457547000.0,99258000.0,358289000.0,558000.0,169.0,,,,,,,,,,,,,10.0,1650.0,5112.0,1406.0,4358.0,53074.0,507.0,187.0,19.0,21.0,12.0,19.0,32.0,8.0,1.0,3.0
CA,SAN DIEGO,2022,4031.0,55411.0,37953.0,38384.0,1092921000.0,1004974000.0,87946000.0,8335000.0,264.0,,,,,,,,,,,,,35.0,,1123.0,128.0,4046.0,5505.0,2760.0,849.0,73.0,77.0,74.0,36.0,107.0,20.0,25.0,10.0
CA,SAN FRANCISCO,2022,7.0,,,,,,,,,,,,,,,,,,,,,,,,,,,4.0,3.0,,,,,,,,
CA,SAN JOAQUIN,2022,3439.0,614128.0,544181.0,566269.0,3030490000.0,2119795000.0,910695000.0,33591000.0,1685.0,7307.0,8561.0,,,,,,,,,,,14503.0,51836.0,69535.0,25114.0,19216.0,133512.0,778.0,1341.0,203.0,188.0,132.0,122.0,308.0,161.0,133.0,73.0
CA,SAN LUIS OBISPO,2022,2184.0,231838.0,105880.0,94787.0,1192928000.0,1150226000.0,42702000.0,11150000.0,73.0,,,,,,,,,,,,,,,15299.0,1142.0,19153.0,22.0,482.0,710.0,112.0,128.0,143.0,90.0,211.0,131.0,77.0,100.0
CA,SAN MATEO,2022,250.0,7003.0,3131.0,4803.0,87862000.0,85184000.0,2678000.0,,18.0,,,,,,,,,,,,,70.0,,803.0,386.0,1430.0,,107.0,66.0,4.0,18.0,8.0,9.0,23.0,5.0,3.0,7.0
CA,SANTA BARBARA,2022,1359.0,151355.0,114888.0,113585.0,2608702000.0,2570654000.0,38048000.0,7468000.0,,,,,,,,,,,,,,,,4887.0,660.0,13486.0,20.0,433.0,337.0,49.0,85.0,64.0,19.0,171.0,77.0,64.0,60.0
CA,SANTA CLARA,2022,825.0,25318.0,21727.0,19237.0,311821000.0,305321000.0,6500000.0,1710000.0,30.0,,,,,,,,,,,,,107.0,,2561.0,207.0,6663.0,17.0,404.0,255.0,25.0,27.0,13.0,14.0,31.0,26.0,6.0,24.0
CA,SANTA CRUZ,2022,614.0,21984.0,19389.0,18615.0,706206000.0,683895000.0,22311000.0,1202000.0,2688.0,,,,,,,,,,,,,6.0,,,,556.0,,259.0,205.0,38.0,36.0,21.0,10.0,38.0,2.0,,5.0
CA,SHASTA,2022,1120.0,46940.0,30222.0,38466.0,85656000.0,34759000.0,50898000.0,2016000.0,32.0,,,,,,,,,,,,,89.0,,11491.0,254.0,11283.0,31.0,412.0,355.0,48.0,45.0,31.0,40.0,96.0,36.0,27.0,30.0
CA,SIERRA,2022,49.0,5087.0,2555.0,9522.0,5584000.0,840000.0,4745000.0,1060000.0,6.0,,,,,,,,,,,,,,,2651.0,518.0,4493.0,,5.0,14.0,,2.0,2.0,4.0,7.0,,8.0,7.0
CA,SISKIYOU,2022,655.0,169826.0,112282.0,129449.0,295726000.0,258743000.0,36983000.0,7139000.0,11.0,2857.0,,,,,,,,,,,,,,98035.0,2257.0,25179.0,760.0,57.0,127.0,44.0,26.0,51.0,34.0,136.0,53.0,48.0,79.0
CA,SOLANO,2022,712.0,162145.0,130097.0,128058.0,465237000.0,394167000.0,71069000.0,4187000.0,,4970.0,,,,,,,,,,,,1462.0,2346.0,53044.0,720.0,16482.0,,191.0,244.0,33.0,44.0,20.0,38.0,54.0,18.0,17.0,53.0
CA,SONOMA,2022,3097.0,131237.0,106912.0,87259.0,976394000.0,667796000.0,308598000.0,19511000.0,1385.0,347.0,,22.0,,,,,,,,,,,372.0,21280.0,9668.0,8607.0,19427.0,1325.0,997.0,162.0,91.0,96.0,79.0,182.0,68.0,46.0,51.0
CA,STANISLAUS,2022,3455.0,432109.0,405010.0,412711.0,2919196000.0,1439992000.0,1479203000.0,13462000.0,974.0,373.0,,,,,,,,,,,,315.0,49163.0,35689.0,34982.0,34417.0,153912.0,826.0,1418.0,199.0,173.0,131.0,99.0,324.0,147.0,71.0,67.0
CA,SUTTER,2022,890.0,199339.0,143471.0,141061.0,446473000.0,432934000.0,13539000.0,11061000.0,,3464.0,47149.0,,,,,,,,,,,412.0,,3909.0,,2074.0,3.0,182.0,278.0,52.0,54.0,52.0,39.0,115.0,60.0,34.0,24.0
CA,TEHAMA,2022,1154.0,99441.0,63838.0,74094.0,195732000.0,143704000.0,52028000.0,6561000.0,2.0,,,,,,,,,,,,,,744.0,5711.0,2009.0,21018.0,20.0,163.0,500.0,46.0,72.0,89.0,34.0,109.0,49.0,40.0,52.0
CA,TRINITY,2022,139.0,1558.0,765.0,1027.0,2962000.0,57000.0,103000.0,261000.0,4.0,,,,,,,,,,,,,,,615.0,,2323.0,10.0,36.0,38.0,17.0,3.0,7.0,4.0,17.0,9.0,5.0,3.0
CA,TULARE,2022,3713.0,759238.0,625918.0,617379.0,6356368000.0,2881689000.0,3474680000.0,40805000.0,55.0,8340.0,,,,,,,,,,,,1492.0,117066.0,61134.0,92445.0,34580.0,480992.0,792.0,1190.0,185.0,234.0,185.0,147.0,486.0,260.0,109.0,125.0
CA,TUOLUMNE,2022,326.0,2542.0,550.0,1534.0,36676000.0,1727000.0,34948000.0,1062000.0,139.0,,,,,,,,,,,,,,,219.0,,7400.0,,78.0,82.0,24.0,22.0,24.0,15.0,28.0,23.0,14.0,16.0
CA,VENTURA,2022,1812.0,139944.0,98145.0,96124.0,2128934000.0,2119347000.0,9587000.0,8716000.0,13.0,,,,,,,,,,,,,,,1500.0,,2142.0,10.0,748.0,600.0,69.0,57.0,57.0,46.0,138.0,40.0,22.0,35.0
CA,YOLO,2022,795.0,271083.0,197402.0,190546.0,658725000.0,619006000.0,39719000.0,7254000.0,6.0,15932.0,10571.0,,,,,,,,,,240.0,2486.0,,30099.0,1586.0,16506.0,,139.0,258.0,50.0,54.0,55.0,30.0,71.0,54.0,21.0,63.0
CA,YUBA,2022,760.0,99158.0,82666.0,88802.0,253797000.0,222718000.0,31080000.0,2331000.0,6.0,,47311.0,,,,,,,,,,,,981.0,2450.0,1285.0,3768.0,,210.0,210.0,31.0,48.0,37.0,32.0,102.0,54.0,24.0,12.0
ID,ADA,2022,1142.0,42862.0,32982.0,35479.0,191322000.0,39332000.0,151990000.0,991000.0,17.0,6061.0,,,,,,,,,,,,3130.0,6446.0,11323.0,4629.0,4427.0,18380.0,568.0,441.0,19.0,16.0,17.0,7.0,41.0,10.0,11.0,12.0
ID,ADAMS,2022,229.0,15981.0,14039.0,19136.0,15577000.0,2764000.0,12812000.0,538000.0,7.0,,,,,,,,,,,,,,,13452.0,510.0,8504.0,,22.0,63.0,26.0,15.0,9.0,14.0,34.0,11.0,20.0,15.0
ID,BANNOCK,2022,1005.0,180641.0,60578.0,29291.0,45676000.0,32650000.0,13026000.0,4538000.0,14.0,26897.0,,,,,,,,,,,,,,26261.0,1762.0,11344.0,30.0,367.0,285.0,37.0,34.0,31.0,27.0,105.0,60.0,32.0,27.0
ID,BEAR LAKE,2022,353.0,80192.0,61633.0,44212.0,29034000.0,12106000.0,16928000.0,2228000.0,,7024.0,,,,,,,,,,,,117.0,,48356.0,2701.0,12808.0,477.0,32.0,69.0,28.0,18.0,33.0,25.0,69.0,31.0,21.0,27.0
ID,BENEWAH,2022,240.0,76672.0,58997.0,127.0,25444000.0,24985000.0,459000.0,2785000.0,,31436.0,,,,,,,,,,,,,,10873.0,186.0,613.0,,10.0,83.0,14.0,41.0,11.0,18.0,23.0,19.0,8.0,13.0
ID,BINGHAM,2022,1081.0,363334.0,323793.0,330319.0,575692000.0,476088000.0,99604000.0,6139000.0,16.0,136688.0,,,,,,,,,,,,2386.0,7238.0,76370.0,4937.0,28871.0,5728.0,335.0,299.0,35.0,42.0,39.0,41.0,104.0,55.0,50.0,81.0
ID,BLAINE,2022,203.0,65168.0,52396.0,65992.0,65466000.0,48959000.0,16507000.0,1367000.0,,,,,,,,,,,,,,,,33151.0,230.0,7650.0,,37.0,64.0,2.0,7.0,10.0,8.0,13.0,10.0,22.0,30.0
ID,BOISE,2022,108.0,5603.0,249.0,1537.0,7330000.0,4876000.0,2455000.0,,5.0,,,,,,,,,,,,,,,802.0,,2134.0,,39.0,21.0,,5.0,12.0,6.0,14.0,2.0,1.0,8.0
ID,BONNER,2022,798.0,29739.0,18710.0,1104.0,14709000.0,10334000.0,4376000.0,203000.0,33.0,242.0,,,,,,,,,,,,,,11897.0,5445.0,1975.0,69.0,128.0,384.0,32.0,52.0,58.0,28.0,71.0,23.0,20.0,2.0
ID,BONNEVILLE,2022,893.0,245149.0,186338.0,143393.0,256056000.0,181323000.0,74733000.0,4171000.0,12.0,52438.0,,,,,,,,,,,,1064.0,5876.0,45984.0,686.0,21037.0,426.0,284.0,296.0,20.0,26.0,23.0,31.0,71.0,50.0,38.0,54.0
ID,BOUNDARY,2022,319.0,47442.0,42455.0,2500.0,48912000.0,44816000.0,4096000.0,899000.0,10.0,15905.0,,,,,,,,,,,,,,11747.0,258.0,2741.0,78.0,46.0,107.0,16.0,21.0,32.0,23.0,31.0,20.0,18.0,5.0
ID,BUTTE,2022,147.0,62624.0,57766.0,58948.0,64126000.0,,,1104000.0,,9017.0,,,,,,,,,,,,982.0,252.0,41728.0,429.0,4555.0,,13.0,25.0,1.0,10.0,9.0,8.0,38.0,6.0,25.0,12.0
ID,CAMAS,2022,111.0,91268.0,77542.0,32523.0,32695000.0,27581000.0,5114000.0,1073000.0,,7314.0,,,,,,,,,,,,,940.0,57285.0,578.0,936.0,,3.0,27.0,3.0,10.0,5.0,3.0,10.0,18.0,14.0,18.0
ID,CANYON,2022,2311.0,228177.0,203509.0,207577.0,829378000.0,453907000.0,375471000.0,4426000.0,,38781.0,,,,,,,,,,,,23758.0,23669.0,43364.0,6392.0,18799.0,43530.0,1056.0,789.0,50.0,65.0,53.0,39.0,122.0,73.0,42.0,22.0
ID,CARIBOU,2022,399.0,202628.0,144142.0,54189.0,114212000.0,81384000.0,32828000.0,3636000.0,,43544.0,,,,,,,,,,,,,309.0,31452.0,866.0,14211.0,1013.0,27.0,78.0,13.0,6.0,22.0,15.0,96.0,46.0,33.0,63.0
ID,CASSIA,2022,554.0,366476.0,294586.0,274053.0,1153031000.0,390187000.0,762844000.0,8185000.0,,68041.0,,,,,,,,,,,1784.0,1843.0,38193.0,58735.0,29856.0,24220.0,71293.0,103.0,115.0,13.0,25.0,15.0,29.0,77.0,35.0,53.0,89.0
ID,CLARK,2022,67.0,74836.0,53344.0,48780.0,49051000.0,39187000.0,9864000.0,334000.0,,7257.0,,,,,,,,,,,,,1518.0,38627.0,,7003.0,,2.0,1.0,1.0,1.0,4.0,5.0,10.0,8.0,12.0,23.0
ID,CLEARWATER,2022,273.0,23877.0,11318.0,45.0,8481000.0,3490000.0,4991000.0,679000.0,,2882.0,,,,,,,,,,,,,,6269.0,1418.0,1474.0,,12.0,99.0,16.0,16.0,34.0,19.0,54.0,11.0,6.0,6.0
ID,CUSTER,2022,235.0,35609.0,30101.0,44972.0,31092000.0,10956000.0,20136000.0,1760000.0,,,,,,,,,,,,,,,,29055.0,632.0,15917.0,11.0,33.0,61.0,15.0,11.0,17.0,11.0,37.0,27.0,12.0,11.0
ID,ELMORE,2022,284.0,101245.0,80780.0,78012.0,591747000.0,94044000.0,497702000.0,1972000.0,,12138.0,,,,,,,,,,,,7377.0,8473.0,33741.0,8763.0,11443.0,28860.0,100.0,67.0,5.0,6.0,5.0,7.0,38.0,12.0,10.0,34.0
ID,FRANKLIN,2022,727.0,114176.0,74567.0,50893.0,131820000.0,37557000.0,94264000.0,2302000.0,6.0,11914.0,,,,,,,,,,,,929.0,5361.0,45028.0,3110.0,10827.0,10314.0,154.0,187.0,29.0,34.0,31.0,37.0,121.0,61.0,44.0,29.0
ID,FREMONT,2022,545.0,203276.0,165603.0,96574.0,247228000.0,228065000.0,19163000.0,3549000.0,,37174.0,,,,,,,,,,,,,233.0,30904.0,741.0,8608.0,10.0,79.0,117.0,26.0,41.0,33.0,70.0,84.0,43.0,16.0,36.0
ID,GEM,2022,718.0,27426.0,19873.0,25735.0,37861000.0,22149000.0,15711000.0,1154000.0,,2866.0,,,,,,,,,,,,3254.0,417.0,10762.0,582.0,9523.0,499.0,298.0,226.0,30.0,39.0,18.0,11.0,29.0,30.0,17.0,20.0
ID,GOODING,2022,499.0,140588.0,125314.0,132731.0,1117613000.0,135890000.0,981724000.0,4232000.0,,7047.0,,,,,,,,,,,,14883.0,44114.0,28754.0,26336.0,9787.0,165205.0,122.0,143.0,32.0,18.0,25.0,12.0,63.0,39.0,17.0,28.0
ID,IDAHO,2022,696.0,171167.0,123368.0,1409.0,76139000.0,49927000.0,26212000.0,10092000.0,11.0,59237.0,,,,,,,,,,,,,,32409.0,3201.0,15201.0,19.0,48.0,202.0,26.0,47.0,38.0,37.0,112.0,65.0,59.0,62.0
ID,JEFFERSON,2022,679.0,182195.0,171192.0,143448.0,380801000.0,216106000.0,164696000.0,1814000.0,7.0,24511.0,,,,,,,,,,,,1801.0,7533.0,68757.0,11002.0,15199.0,15086.0,193.0,231.0,36.0,19.0,26.0,24.0,45.0,41.0,27.0,37.0
ID,JEROME,2022,448.0,150930.0,132964.0,139509.0,944081000.0,201101000.0,742980000.0,1186000.0,,8373.0,,,,,,,,,,,,4715.0,25138.0,29979.0,16467.0,11176.0,103043.0,119.0,112.0,10.0,20.0,14.0,13.0,67.0,45.0,27.0,21.0
ID,KOOTENAI,2022,968.0,55698.0,36706.0,6315.0,23353000.0,19591000.0,3762000.0,1213000.0,10.0,8183.0,,5.0,,,,,,,,,,,,21118.0,1585.0,1956.0,41.0,187.0,481.0,36.0,78.0,51.0,26.0,59.0,33.0,12.0,5.0
ID,LATAH,2022,989.0,228085.0,177685.0,424.0,101510000.0,97626000.0,3885000.0,9712000.0,16.0,89496.0,,,,,,,1150.0,,13.0,,,,,28610.0,1770.0,2156.0,15.0,97.0,368.0,76.0,100.0,59.0,41.0,120.0,58.0,22.0,48.0
ID,LEMHI,2022,306.0,37311.0,32381.0,60672.0,32180000.0,8060000.0,24120000.0,1568000.0,8.0,,,,,,,,,,,,,,,30322.0,2456.0,18291.0,11.0,66.0,99.0,4.0,10.0,21.0,17.0,38.0,27.0,14.0,10.0
ID,LEWIS,2022,219.0,167431.0,136707.0,379.0,76489000.0,,,9427000.0,,76391.0,,,,,10909.0,488.0,1220.0,,,,,,,7643.0,305.0,2373.0,,6.0,29.0,13.0,14.0,15.0,12.0,31.0,34.0,20.0,45.0
ID,LINCOLN,2022,229.0,60741.0,50547.0,55844.0,254603000.0,35359000.0,219244000.0,1487000.0,,5186.0,,,,,,,,,,,,1406.0,9211.0,25199.0,5252.0,4947.0,29295.0,33.0,39.0,15.0,13.0,10.0,21.0,42.0,22.0,24.0,10.0
ID,MADISON,2022,358.0,142882.0,125298.0,83468.0,212410000.0,206490000.0,5920000.0,2432000.0,,45667.0,,,,,,,,,,,,,793.0,14297.0,329.0,3954.0,,70.0,71.0,19.0,20.0,13.0,24.0,58.0,38.0,22.0,23.0
ID,MINIDOKA,2022,454.0,278599.0,238687.0,239043.0,547338000.0,412353000.0,134985000.0,3843000.0,,35897.0,,,,,,,,,,,,9019.0,11907.0,35409.0,4459.0,10408.0,18626.0,137.0,115.0,12.0,14.0,24.0,13.0,50.0,25.0,37.0,27.0
ID,NEZ PERCE,2022,415.0,207955.0,164374.0,411.0,95985000.0,89503000.0,6482000.0,7777000.0,,94155.0,,,,,3733.0,,,,,,,,,11165.0,1066.0,5472.0,4.0,90.0,96.0,18.0,15.0,6.0,18.0,66.0,30.0,32.0,44.0
ID,ONEIDA,2022,446.0,171013.0,84770.0,29319.0,53734000.0,37465000.0,16269000.0,5183000.0,,31703.0,,,,,,,,,,,2184.0,,,36133.0,1082.0,14687.0,,65.0,82.0,14.0,27.0,16.0,40.0,74.0,53.0,33.0,42.0
ID,OWYHEE,2022,461.0,129722.0,109288.0,108395.0,463023000.0,98692000.0,364331000.0,3471000.0,,14926.0,,,,,,,,,,,,15508.0,11115.0,47332.0,7862.0,39666.0,24518.0,86.0,126.0,18.0,27.0,21.0,16.0,57.0,31.0,23.0,56.0
ID,PAYETTE,2022,574.0,64778.0,53527.0,62350.0,313664000.0,81867000.0,231798000.0,236000.0,,6945.0,,,,,,,,,,,,5428.0,5733.0,21866.0,1647.0,8652.0,16096.0,180.0,211.0,29.0,28.0,11.0,22.0,47.0,18.0,20.0,8.0
ID,POWER,2022,276.0,343636.0,196858.0,115184.0,360522000.0,299477000.0,61045000.0,7066000.0,,102492.0,,,,,,,,,,,,5423.0,904.0,17146.0,172.0,3912.0,,26.0,38.0,6.0,10.0,10.0,13.0,37.0,40.0,38.0,58.0
ID,SHOSHONE,2022,44.0,559.0,80.0,9.0,222000.0,85000.0,137000.0,,3.0,,,,,,,,,,,,,,,175.0,133.0,90.0,12.0,7.0,31.0,3.0,,,2.0,1.0,,,
ID,TETON,2022,268.0,80005.0,65452.0,40705.0,62626000.0,57258000.0,5368000.0,897000.0,,7822.0,,,,,,,,,,,,,,18002.0,799.0,3897.0,16.0,21.0,81.0,15.0,24.0,9.0,30.0,26.0,25.0,27.0,10.0
ID,TWIN FALLS,2022,1169.0,249600.0,225508.0,236196.0,1135933000.0,279269000.0,856664000.0,4192000.0,10.0,19625.0,,,,,,,,,,,,15650.0,41145.0,70155.0,16752.0,24246.0,108379.0,352.0,323.0,42.0,77.0,44.0,37.0,151.0,63.0,34.0,46.0
ID,VALLEY,2022,142.0,6428.0,4783.0,15245.0,12423000.0,1685000.0,10738000.0,,,,,,,,,,,,,,,,,3357.0,,3106.0,,23.0,61.0,2.0,12.0,6.0,6.0,14.0,6.0,6.0,6.0
ID,WASHINGTON,2022,495.0,69792.0,48753.0,51052.0,61610000.0,39570000.0,22040000.0,2303000.0,20.0,6857.0,,,,,,,,,,,,2666.0,874.0,33732.0,120.0,15022.0,10.0,109.0,134.0,24.0,19.0,20.0,21.0,65.0,30.0,29.0,44.0
MT,BEAVERHEAD,2022,386.0,129645.0,104354.0,223574.0,135564000.0,30019000.0,105545000.0,6836000.0,,5377.0,,,,,,,,,,,,,,87308.0,5198.0,62970.0,,37.0,95.0,14.0,16.0,10.0,21.0,50.0,16.0,36.0,91.0
MT,BIG HORN,2022,364.0,342572.0,209498.0,41818.0,130868000.0,60638000.0,70229000.0,9325000.0,,83342.0,,,,,,,,,,,,3401.0,1016.0,71621.0,1936.0,58179.0,,16.0,36.0,15.0,9.0,9.0,13.0,61.0,25.0,47.0,133.0
MT,BLAINE,2022,387.0,475996.0,289764.0,43985.0,107476000.0,54460000.0,53016000.0,17485000.0,,179434.0,,,,,,,,,,,,,,62122.0,3701.0,34028.0,10.0,4.0,22.0,7.0,16.0,8.0,8.0,68.0,41.0,46.0,167.0
MT,BROADWATER,2022,316.0,116597.0,66044.0,30457.0,52041000.0,30440000.0,21601000.0,2414000.0,,24086.0,,,,,,,,,,,,180.0,837.0,29457.0,280.0,9063.0,9.0,10.0,67.0,7.0,31.0,23.0,35.0,50.0,23.0,14.0,56.0
MT,CARBON,2022,681.0,113991.0,72016.0,65049.0,76866000.0,31815000.0,45051000.0,2470000.0,35.0,4500.0,,,,,,,,,,,,5561.0,2815.0,46533.0,960.0,26151.0,16.0,27.0,174.0,33.0,46.0,30.0,53.0,141.0,55.0,52.0,70.0
MT,CARTER,2022,282.0,212145.0,146444.0,2256.0,72727000.0,15345000.0,57382000.0,15250000.0,,25272.0,,,,,,,,,,,,1106.0,,112310.0,2100.0,43415.0,7.0,12.0,11.0,4.0,2.0,,5.0,18.0,13.0,42.0,175.0
MT,CASCADE,2022,976.0,408237.0,253096.0,30018.0,141478000.0,55302000.0,86175000.0,10967000.0,,101206.0,,,,,,,,,,,,1656.0,,87620.0,2468.0,43136.0,1239.0,86.0,260.0,46.0,41.0,45.0,67.0,126.0,90.0,60.0,155.0
MT,CHOUTEAU,2022,687.0,1481908.0,808115.0,22510.0,213817000.0,174003000.0,39813000.0,22750000.0,,545429.0,,,,,,,,,,,,2474.0,,47481.0,2405.0,23420.0,5.0,4.0,25.0,1.0,14.0,18.0,33.0,92.0,96.0,84.0,320.0
MT,CUSTER,2022,379.0,136135.0,96622.0,28865.0,84640000.0,17504000.0,67136000.0,10208000.0,,10232.0,,,,,,,,,,,,1396.0,4466.0,72559.0,1568.0,50061.0,6.0,28.0,54.0,7.0,18.0,23.0,23.0,36.0,23.0,31.0,136.0
MT,DANIELS,2022,261.0,498272.0,404637.0,579.0,103945000.0,97409000.0,6535000.0,13344000.0,,242996.0,,,,,,,,,,,,,,30397.0,3913.0,5741.0,10.0,4.0,13.0,2.0,8.0,4.0,2.0,66.0,53.0,21.0,88.0
MT,DAWSON,2022,427.0,398960.0,292728.0,14118.0,97620000.0,73886000.0,23734000.0,15621000.0,,183354.0,,,,,,,,,,,,6167.0,984.0,43943.0,2383.0,21355.0,3.0,5.0,37.0,4.0,15.0,20.0,16.0,74.0,65.0,41.0,150.0
MT,DEER LODGE,2022,103.0,6711.0,5242.0,8180.0,5290000.0,898000.0,4392000.0,247000.0,,,,,,,,,,,,,,,,4584.0,,3885.0,12.0,3.0,29.0,7.0,8.0,7.0,9.0,27.0,4.0,1.0,8.0
MT,FALLON,2022,237.0,172127.0,121427.0,1470.0,49429000.0,20115000.0,29315000.0,10058000.0,,26773.0,,,,,,,,,,,,2475.0,2894.0,82081.0,,22136.0,11.0,5.0,20.0,,5.0,2.0,14.0,29.0,29.0,23.0,110.0
MT,FERGUS,2022,779.0,614375.0,433822.0,20032.0,160111000.0,69188000.0,90924000.0,24739000.0,,180669.0,,,,,,,,,,,,1500.0,,197989.0,826.0,73458.0,14.0,34.0,106.0,20.0,21.0,28.0,26.0,72.0,71.0,112.0,289.0
MT,FLATHEAD,2022,1019.0,72436.0,61677.0,17264.0,58464000.0,46580000.0,11884000.0,1674000.0,55.0,12776.0,,,,,,,,,,,,42.0,,28835.0,3090.0,4443.0,33.0,187.0,463.0,59.0,63.0,46.0,36.0,111.0,26.0,17.0,11.0
MT,GALLATIN,2022,1009.0,216776.0,163820.0,80504.0,163081000.0,109772000.0,53309000.0,2270000.0,16.0,57127.0,,,,,,,,,,,,1427.0,1549.0,63191.0,3058.0,14026.0,1846.0,101.0,390.0,51.0,40.0,41.0,31.0,144.0,77.0,62.0,72.0
MT,GARFIELD,2022,238.0,303714.0,186783.0,3410.0,78663000.0,27708000.0,50954000.0,14404000.0,,87132.0,,,,,,,,,,,,2867.0,640.0,69597.0,659.0,42386.0,8.0,4.0,5.0,1.0,10.0,6.0,,11.0,20.0,23.0,158.0
MT,GLACIER,2022,361.0,424584.0,261492.0,17646.0,116595000.0,58048000.0,58547000.0,9107000.0,,112399.0,,,,,,,,,,,,,,48373.0,5175.0,24859.0,928.0,11.0,48.0,22.0,7.0,9.0,15.0,62.0,31.0,31.0,125.0
MT,GOLDEN VALLEY,2022,153.0,109013.0,57725.0,10616.0,32844000.0,14161000.0,18683000.0,3998000.0,1.0,30042.0,,,,,,,,,,,,,,20359.0,150.0,9596.0,,8.0,7.0,4.0,4.0,5.0,12.0,14.0,13.0,21.0,65.0
MT,GRANITE,2022,163.0,26979.0,20043.0,30113.0,18984000.0,2645000.0,16339000.0,636000.0,,,,,,,,,,,,,,,,17272.0,1264.0,12622.0,,6.0,11.0,6.0,5.0,9.0,6.0,36.0,23.0,19.0,42.0
MT,HILL,2022,701.0,1405565.0,782611.0,4447.0,189035000.0,159760000.0,29274000.0,26724000.0,,562878.0,,,,,,,,,,,,7300.0,,22551.0,2003.0,10651.0,33.0,16.0,38.0,5.0,21.0,28.0,40.0,107.0,72.0,66.0,308.0
MT,JEFFERSON,2022,364.0,44778.0,29294.0,30297.0,26840000.0,3901000.0,22938000.0,2357000.0,5.0,,,,,,,,,,,,,,,24991.0,1200.0,17909.0,9.0,15.0,110.0,24.0,17.0,14.0,20.0,60.0,33.0,21.0,50.0
MT,JUDITH BASIN,2022,291.0,231032.0,151697.0,11086.0,102841000.0,29335000.0,73506000.0,8418000.0,,53692.0,,,,,,,,,,,,,,61574.0,2510.0,27941.0,5.0,13.0,21.0,9.0,5.0,16.0,15.0,41.0,29.0,34.0,108.0
MT,LAKE,2022,1078.0,79393.0,63655.0,78526.0,68967000.0,38669000.0,30298000.0,1089000.0,56.0,9506.0,,,,,,,,,,,,1789.0,666.0,42881.0,4117.0,18441.0,13.0,193.0,418.0,42.0,90.0,40.0,60.0,131.0,53.0,21.0,30.0
MT,LEWIS AND CLARK,2022,595.0,91586.0,66924.0,47709.0,56210000.0,19830000.0,36379000.0,3617000.0,41.0,12525.0,,,,,,,,,,,,,,41074.0,2166.0,26483.0,23.0,65.0,270.0,20.0,11.0,32.0,38.0,51.0,18.0,13.0,77.0
MT,LIBERTY,2022,218.0,696896.0,418162.0,2114.0,102153000.0,84238000.0,17915000.0,14206000.0,,265544.0,,,,,,,,,,,,,,10320.0,,3908.0,,1.0,1.0,2.0,3.0,2.0,3.0,26.0,15.0,33.0,132.0
MT,LINCOLN,2022,251.0,8783.0,6072.0,5890.0,5373000.0,2056000.0,3316000.0,297000.0,5.0,,,,,,,,,,,,,,,5572.0,506.0,914.0,,17.0,103.0,11.0,26.0,22.0,18.0,31.0,15.0,4.0,4.0
MT,MADISON,2022,567.0,108142.0,74655.0,84626.0,82780000.0,20344000.0,62436000.0,4770000.0,1.0,4419.0,,,,,,,,,,,,,,60514.0,3390.0,41366.0,6.0,35.0,118.0,31.0,11.0,38.0,48.0,97.0,53.0,51.0,85.0
MT,MCCONE,2022,362.0,510233.0,375502.0,8205.0,108992000.0,86340000.0,22653000.0,18853000.0,,223419.0,,,,,,,,,,,,4272.0,1133.0,51591.0,1475.0,16284.0,,1.0,24.0,7.0,2.0,7.0,10.0,58.0,50.0,62.0,141.0
MT,MEAGHER,2022,129.0,89028.0,50180.0,34291.0,44150000.0,6839000.0,37311000.0,3683000.0,,4629.0,,,,,,,,,,,,,,36763.0,650.0,25120.0,,10.0,20.0,,3.0,4.0,4.0,6.0,5.0,9.0,68.0
MT,MINERAL,2022,76.0,3315.0,2209.0,501.0,722000.0,400000.0,322000.0,,2.0,242.0,,,,,,,,,,,,,,1898.0,,240.0,,10.0,29.0,2.0,5.0,7.0,7.0,9.0,3.0,4.0,
MT,MISSOULA,2022,606.0,29958.0,16272.0,18635.0,14696000.0,5695000.0,9001000.0,374000.0,28.0,,,,,,,,,,,,,,,14416.0,1402.0,5227.0,8.0,128.0,246.0,24.0,41.0,35.0,20.0,50.0,26.0,14.0,22.0
MT,MUSSELSHELL,2022,336.0,108240.0,61118.0,13465.0,42739000.0,12148000.0,30591000.0,4487000.0,,12724.0,,,,,,,,,,,,,1020.0,38660.0,3229.0,22371.0,4.0,6.0,41.0,20.0,23.0,35.0,27.0,34.0,23.0,38.0,89.0
MT,PARK,2022,478.0,85928.0,59557.0,55209.0,43690000.0,12483000.0,31207000.0,1685000.0,4.0,4240.0,,,,,,,,,,,,,,49855.0,1896.0,25266.0,3.0,35.0,130.0,33.0,19.0,22.0,10.0,81.0,45.0,22.0,81.0
MT,PETROLEUM,2022,101.0,99833.0,49862.0,10438.0,29684000.0,7337000.0,22347000.0,5166000.0,,19857.0,,,,,,,,,,,,960.0,,24575.0,357.0,19700.0,,,3.0,3.0,1.0,,3.0,10.0,13.0,4.0,64.0
MT,PHILLIPS,2022,377.0,430120.0,258344.0,38238.0,92432000.0,32839000.0,59592000.0,21225000.0,,132684.0,,,,,,,,,,,,,1095.0,72706.0,3542.0,48450.0,33.0,6.0,23.0,6.0,9.0,8.0,22.0,46.0,23.0,53.0,181.0
MT,PONDERA,2022,435.0,502835.0,282196.0,50115.0,111320000.0,70697000.0,40623000.0,6801000.0,,170703.0,,,,,,,,,,,,420.0,748.0,20768.0,572.0,13501.0,717.0,8.0,44.0,19.0,27.0,12.0,16.0,78.0,41.0,79.0,111.0
MT,POWDER RIVER,2022,332.0,188480.0,130958.0,16192.0,72307000.0,9470000.0,62837000.0,16275000.0,,3209.0,,,,,,,,,,,,,,122354.0,3275.0,51007.0,,7.0,29.0,3.0,9.0,,5.0,37.0,25.0,28.0,189.0
MT,POWELL,2022,245.0,70974.0,54552.0,65135.0,38648000.0,6105000.0,32543000.0,1487000.0,,,,,,,,,,,,,,,,50166.0,4422.0,26915.0,,16.0,28.0,3.0,9.0,12.0,16.0,47.0,32.0,20.0,62.0
MT,PRAIRIE,2022,141.0,78178.0,44225.0,9599.0,32221000.0,8009000.0,24212000.0,5333000.0,,6953.0,,,,,,,,,,,,441.0,1338.0,25327.0,5857.0,16465.0,,,5.0,2.0,7.0,5.0,9.0,12.0,16.0,30.0,55.0
MT,RAVALLI,2022,1400.0,56259.0,36314.0,54991.0,40880000.0,17793000.0,23087000.0,159000.0,106.0,420.0,,,,,,,,,,,,438.0,,29131.0,4862.0,11509.0,12.0,251.0,804.0,67.0,65.0,40.0,21.0,73.0,41.0,23.0,15.0
MT,RICHLAND,2022,448.0,381332.0,252156.0,36588.0,119035000.0,76822000.0,42213000.0,10887000.0,,139693.0,,,,,,,,,,,,6637.0,5300.0,55970.0,2706.0,25842.0,11.0,6.0,39.0,12.0,7.0,14.0,31.0,80.0,56.0,65.0,138.0
MT,ROOSEVELT,2022,368.0,725331.0,601522.0,12003.0,149780000.0,133626000.0,16154000.0,21067000.0,,377178.0,,,,,,,,,,,,,451.0,42566.0,4959.0,11371.0,,3.0,34.0,10.0,5.0,11.0,20.0,53.0,41.0,40.0,151.0
MT,ROSEBUD,2022,360.0,196521.0,102561.0,22088.0,75844000.0,24693000.0,51150000.0,11430000.0,,24735.0,,,,,,,,,,,,1830.0,2076.0,54032.0,1916.0,40724.0,5.0,12.0,16.0,3.0,8.0,19.0,21.0,54.0,34.0,37.0,156.0
MT,SANDERS,2022,421.0,29517.0,20643.0,12229.0,14404000.0,4479000.0,9925000.0,757000.0,8.0,230.0,,,,,,,,,,,,,,19701.0,734.0,8844.0,14.0,29.0,112.0,26.0,27.0,25.0,34.0,100.0,25.0,14.0,29.0
MT,SHERIDAN,2022,448.0,709589.0,598572.0,6256.0,193987000.0,183014000.0,10973000.0,20725000.0,,323297.0,,,,,,,,,,,,,,38683.0,1888.0,9712.0,,6.0,15.0,11.0,9.0,9.0,35.0,85.0,53.0,77.0,148.0
MT,SILVER BOW,2022,156.0,6969.0,3909.0,5372.0,4969000.0,1313000.0,3656000.0,517000.0,,,,,,,,,,,,,,,,3364.0,,4223.0,,16.0,49.0,8.0,,9.0,20.0,23.0,8.0,13.0,10.0
MT,STILLWATER,2022,464.0,143299.0,86944.0,18669.0,60566000.0,21382000.0,39184000.0,3579000.0,4.0,26317.0,,,,,,,,,,,,800.0,627.0,45133.0,1876.0,16103.0,18.0,13.0,122.0,16.0,16.0,20.0,27.0,93.0,45.0,31.0,81.0
MT,SWEET GRASS,2022,291.0,66760.0,39985.0,42129.0,37240000.0,4851000.0,32389000.0,3074000.0,,522.0,,,,,,,,,,,,,,37823.0,1778.0,24656.0,4.0,12.0,42.0,8.0,7.0,13.0,15.0,40.0,32.0,30.0,92.0
MT,TETON,2022,610.0,512318.0,313174.0,98141.0,139787000.0,88401000.0,51386000.0,7349000.0,,153203.0,,,,,,,,,,,,2020.0,,58141.0,1151.0,23329.0,415.0,33.0,96.0,8.0,37.0,26.0,35.0,125.0,68.0,88.0,94.0
MT,TOOLE,2022,383.0,884212.0,515874.0,8519.0,118750000.0,98653000.0,20096000.0,15905000.0,,296170.0,,,,,,,,,,,,730.0,,19248.0,2428.0,8010.0,,6.0,14.0,6.0,5.0,5.0,18.0,53.0,39.0,52.0,185.0
MT,TREASURE,2022,100.0,51399.0,45015.0,31818.0,54288000.0,35685000.0,18602000.0,2766000.0,,9873.0,,,,,,,,,,,,2210.0,3051.0,7816.0,550.0,8392.0,,1.0,7.0,3.0,6.0,2.0,4.0,2.0,22.0,11.0,42.0
MT,VALLEY,2022,508.0,717985.0,555212.0,29412.0,155888000.0,100912000.0,54977000.0,25142000.0,,339378.0,,,,,,,,,,,,966.0,1140.0,77302.0,1682.0,34211.0,11.0,3.0,32.0,18.0,18.0,30.0,23.0,105.0,52.0,54.0,173.0
MT,WHEATLAND,2022,119.0,90555.0,62706.0,18186.0,43597000.0,11218000.0,32379000.0,3774000.0,,19036.0,,,,,,,,,,,,,,19290.0,2796.0,19243.0,8.0,3.0,8.0,12.0,4.0,,3.0,17.0,16.0,11.0,45.0
MT,WIBAUX,2022,113.0,103822.0,77527.0,2918.0,28473000.0,17562000.0,10911000.0,3948000.0,,24565.0,,,,,,,,,,,,1971.0,,35697.0,1454.0,8579.0,,2.0,3.0,,2.0,1.0,7.0,21.0,14.0,19.0,44.0
MT,YELLOWSTONE,2022,1186.0,269410.0,159182.0,48166.0,140746000.0,56618000.0,84128000.0,5367000.0,8.0,60318.0,,,,,,,,,,,,2861.0,3970.0,59038.0,5620.0,26707.0,14.0,136.0,399.0,58.0,71.0,60.0,62.0,166.0,78.0,45.0,111.0
NV,CARSON CITY,2022,23.0,,6.0,15.0,124000.0,,,,,,,,,,,,,,,,,,,,,,,16.0,3.0,1.0,,,2.0,,,1.0,
NV,CHURCHILL,2022,540.0,38866.0,32826.0,36881.0,123989000.0,21635000.0,102354000.0,913000.0,6.0,,,,,,,,,,,,,1122.0,3513.0,24209.0,5472.0,13006.0,1225.0,180.0,204.0,17.0,35.0,28.0,10.0,32.0,13.0,11.0,10.0
NV,CLARK,2022,164.0,3762.0,2322.0,2776.0,8432000.0,5167000.0,3265000.0,,,,,,,,,,,,,,,,,,174.0,764.0,,94.0,39.0,9.0,8.0,3.0,,3.0,6.0,1.0,1.0
NV,DOUGLAS,2022,246.0,23119.0,19946.0,31754.0,22553000.0,6614000.0,15940000.0,180000.0,,,,,,,,,,,,,,,,17695.0,1172.0,8952.0,10.0,78.0,99.0,4.0,5.0,11.0,4.0,16.0,9.0,13.0,7.0
NV,ELKO,2022,437.0,164694.0,91254.0,149945.0,89166000.0,8739000.0,80427000.0,7980000.0,7.0,,,,,,,,,,,,,,,88225.0,2643.0,82082.0,14.0,46.0,133.0,18.0,28.0,39.0,12.0,46.0,16.0,16.0,83.0
NV,ESMERALDA,2022,20.0,12560.0,10414.0,10979.0,11942000.0,13724000.0,,,,,,,,,,,,,,,,,,9981.0,,977.0,,2.0,2.0,,,1.0,,10.0,1.0,2.0,2.0
NV,EUREKA,2022,110.0,45552.0,37367.0,52412.0,47252000.0,28792000.0,18460000.0,1386000.0,,,,,,,,,,,,,,,216.0,36318.0,368.0,15940.0,,6.0,9.0,,8.0,4.0,2.0,34.0,20.0,10.0,17.0
NV,HUMBOLDT,2022,266.0,122170.0,99461.0,133812.0,145357000.0,103396000.0,41961000.0,4589000.0,,5128.0,,,,,,,,,,,,410.0,2627.0,83176.0,2023.0,40035.0,8.0,61.0,41.0,3.0,12.0,10.0,11.0,37.0,26.0,20.0,45.0
NV,LANDER,2022,87.0,48367.0,36914.0,39760.0,47673000.0,36205000.0,11468000.0,1451000.0,,,,,,,,,,,,,,,,34167.0,3240.0,11289.0,,10.0,6.0,3.0,2.0,1.0,12.0,9.0,21.0,4.0,19.0
NV,LINCOLN,2022,111.0,17135.0,16349.0,17763.0,26409000.0,18801000.0,7608000.0,568000.0,,,,,,,,,,,,,,,,13836.0,613.0,8846.0,,30.0,33.0,6.0,,4.0,4.0,14.0,11.0,3.0,6.0
NV,LYON,2022,280.0,62407.0,50214.0,60107.0,222919000.0,117790000.0,105129000.0,1567000.0,10.0,,,,,,,,,,,,,,2651.0,36176.0,1999.0,9950.0,,87.0,65.0,18.0,21.0,11.0,4.0,42.0,12.0,5.0,15.0
NV,MINERAL,2022,69.0,,2396.0,1651.0,3746000.0,3185000.0,562000.0,125000.0,,,,,,,,,,,,,,,,2441.0,,984.0,,6.0,42.0,2.0,2.0,7.0,6.0,3.0,,,1.0
NV,NYE,2022,173.0,19487.0,12509.0,18622.0,76437000.0,197000.0,466000.0,702000.0,19.0,,,,,,,,,,,,,,,9540.0,,4800.0,7.0,62.0,24.0,11.0,8.0,6.0,13.0,30.0,8.0,2.0,9.0
NV,PERSHING,2022,138.0,49496.0,41138.0,41358.0,65573000.0,33091000.0,32482000.0,2848000.0,,1201.0,,,,,,,,,,,,,,39285.0,276.0,11744.0,,18.0,27.0,2.0,6.0,16.0,11.0,18.0,11.0,9.0,20.0
NV,STOREY,2022,4.0,,,,130000.0,,130000.0,,,,,,,,,,,,,,,,,,,,,4.0,,,,,,,,,
NV,WASHOE,2022,314.0,10664.0,8006.0,21980.0,19426000.0,8960000.0,10466000.0,854000.0,,,,,,,,,,,,,,,,6972.0,,5219.0,,144.0,89.0,15.0,8.0,13.0,3.0,18.0,5.0,3.0,16.0
NV,WHITE PINE,2022,140.0,31623.0,25124.0,46407.0,38606000.0,19103000.0,19504000.0,1142000.0,32.0,,,,,,,,,,,,,,,24629.0,662.0,13494.0,9.0,23.0,37.0,6.0,6.0,2.0,,24.0,12.0,9.0,21.0
OR,BAKER,2022,676.0,151817.0,85299.0,103243.0,101338000.0,52580000.0,48758000.0,5803000.0,18.0,11787.0,,,,,,,,,,,,469.0,1887.0,59371.0,5582.0,41486.0,17.0,95.0,148.0,26.0,27.0,40.0,44.0,97.0,56.0,45.0,98.0
OR,BENTON,2022,995.0,65805.0,59554.0,25790.0,122806000.0,104169000.0,18637000.0,734000.0,54.0,2171.0,,10875.0,115.0,,,,15109.0,3495.0,8660.0,,,,1020.0,5755.0,1895.0,2908.0,1766.0,411.0,366.0,42.0,33.0,38.0,15.0,48.0,19.0,13.0,10.0
OR,CLACKAMAS,2022,4156.0,81794.0,69344.0,25076.0,510305000.0,400592000.0,109713000.0,2010000.0,207.0,1252.0,,8769.0,,,,,3551.0,,1291.0,,,,252.0,13054.0,4349.0,6527.0,946.0,1923.0,1662.0,169.0,124.0,81.0,54.0,114.0,12.0,8.0,9.0
OR,CLATSOP,2022,211.0,6257.0,4942.0,1694.0,9355000.0,2705000.0,6651000.0,15000.0,5.0,,,,,,,,,,,,,,,2058.0,2646.0,1396.0,,43.0,87.0,18.0,17.0,16.0,5.0,18.0,5.0,2.0,
OR,COLUMBIA,2022,723.0,12706.0,9938.0,1610.0,64858000.0,,38000.0,141000.0,21.0,294.0,,,,,,,,,,,,,,5944.0,1730.0,3672.0,6.0,210.0,345.0,39.0,29.0,32.0,17.0,34.0,11.0,4.0,2.0
OR,COOS,2022,543.0,15224.0,10484.0,8966.0,66948000.0,18064000.0,48885000.0,1128000.0,16.0,,,,,,,,,,,,,,,4270.0,3846.0,7712.0,3228.0,57.0,188.0,64.0,51.0,45.0,29.0,61.0,20.0,15.0,13.0
OR,CROOK,2022,609.0,58629.0,44448.0,58778.0,53399000.0,19525000.0,33874000.0,1892000.0,,189.0,,,,,137.0,,,,,,,,,39278.0,3546.0,29746.0,44.0,156.0,176.0,24.0,49.0,20.0,37.0,59.0,24.0,12.0,52.0
OR,CURRY,2022,169.0,3117.0,2423.0,3456.0,19531000.0,12321000.0,7210000.0,581000.0,18.0,,,,,,,,,,,,,,,614.0,219.0,2903.0,,17.0,54.0,1.0,19.0,9.0,8.0,43.0,6.0,8.0,4.0
OR,DESCHUTES,2022,1572.0,32209.0,23664.0,34927.0,39986000.0,26043000.0,13943000.0,395000.0,7.0,1383.0,,,,,,,,,,,,,,17637.0,3138.0,7374.0,230.0,595.0,737.0,66.0,64.0,16.0,22.0,47.0,8.0,7.0,10.0
OR,DOUGLAS,2022,1811.0,49387.0,36344.0,17489.0,89758000.0,41973000.0,47785000.0,3830000.0,100.0,,,439.0,,,,,,,,,,,,25771.0,5793.0,20171.0,221.0,365.0,630.0,116.0,148.0,115.0,71.0,218.0,102.0,25.0,21.0
OR,GILLIAM,2022,155.0,226486.0,82409.0,9849.0,42682000.0,35433000.0,7249000.0,7754000.0,,76199.0,,,,,,,,,,,,,,3282.0,,6947.0,,1.0,3.0,6.0,2.0,,3.0,15.0,24.0,23.0,78.0
OR,GRANT,2022,374.0,62210.0,41779.0,38853.0,29563000.0,7632000.0,21932000.0,3775000.0,1.0,,,,,,,,,,,,,,,38095.0,3759.0,20692.0,16.0,54.0,51.0,7.0,17.0,13.0,32.0,60.0,29.0,45.0,66.0
OR,HARNEY,2022,477.0,183917.0,133857.0,122421.0,99336000.0,36470000.0,62867000.0,13297000.0,,42.0,,,,,,,,,,,,,,105103.0,26114.0,60191.0,35.0,33.0,72.0,9.0,12.0,25.0,45.0,95.0,55.0,25.0,106.0
OR,HOOD RIVER,2022,497.0,18219.0,16114.0,16702.0,134605000.0,133533000.0,1073000.0,1320000.0,1049.0,,,,,,,,,,,,,,,793.0,,179.0,,234.0,119.0,37.0,34.0,13.0,20.0,35.0,4.0,1.0,
OR,JACKSON,2022,2396.0,44474.0,28324.0,41424.0,105350000.0,87268000.0,18081000.0,1881000.0,388.0,812.0,,13.0,,,,,,,,,,44.0,,16148.0,1627.0,10552.0,296.0,879.0,964.0,106.0,120.0,61.0,63.0,140.0,34.0,12.0,17.0
OR,JEFFERSON,2022,348.0,66351.0,30798.0,31675.0,62653000.0,38724000.0,23929000.0,3730000.0,,3210.0,,,,,6625.0,,,,1980.0,,,,948.0,13640.0,1291.0,8270.0,10.0,63.0,95.0,20.0,22.0,23.0,9.0,41.0,25.0,23.0,27.0
OR,JOSEPHINE,2022,605.0,10636.0,8349.0,9758.0,38410000.0,24677000.0,13733000.0,356000.0,23.0,,,,,,,,,,,,,5.0,,3283.0,1414.0,1651.0,1644.0,232.0,272.0,16.0,20.0,17.0,20.0,20.0,1.0,6.0,1.0
OR,KLAMATH,2022,828.0,125212.0,79461.0,95230.0,170284000.0,97625000.0,72659000.0,6610000.0,,14416.0,,,,,,,,,,,,,,52278.0,2424.0,24992.0,4431.0,134.0,206.0,36.0,67.0,49.0,37.0,131.0,78.0,30.0,60.0
OR,LAKE,2022,353.0,153269.0,130163.0,149235.0,175700000.0,116330000.0,59370000.0,5360000.0,,,,,,,,,,,,,,,,123817.0,7316.0,43005.0,16.0,23.0,57.0,7.0,20.0,25.0,18.0,58.0,37.0,31.0,77.0
OR,LANE,2022,2375.0,84258.0,69750.0,15274.0,137593000.0,98851000.0,38742000.0,1390000.0,192.0,2664.0,,3964.0,,,,,3905.0,,8814.0,,,,,32558.0,6176.0,7527.0,58.0,882.0,956.0,140.0,81.0,79.0,62.0,120.0,32.0,14.0,9.0
OR,LINCOLN,2022,299.0,3498.0,2410.0,520.0,6995000.0,3016000.0,3302000.0,99000.0,16.0,,,,,,,,,,,,,,,1697.0,674.0,1448.0,,46.0,129.0,32.0,26.0,18.0,11.0,26.0,9.0,2.0,
OR,LINN,2022,2138.0,250309.0,215273.0,41648.0,342098000.0,258568000.0,83529000.0,2243000.0,135.0,6971.0,,10915.0,,,,,44831.0,2458.0,85483.0,,,,1428.0,20695.0,7106.0,5823.0,3232.0,713.0,798.0,112.0,99.0,66.0,44.0,169.0,54.0,49.0,34.0
OR,MALHEUR,2022,861.0,189847.0,140901.0,146174.0,510625000.0,204075000.0,306550000.0,8728000.0,,24488.0,,,,,,,,,,,,13248.0,3650.0,72868.0,2935.0,72268.0,2445.0,100.0,239.0,39.0,61.0,51.0,53.0,108.0,61.0,43.0,106.0
OR,MARION,2022,2477.0,222351.0,190365.0,92166.0,874627000.0,757834000.0,116793000.0,6990000.0,126.0,8576.0,,19870.0,3165.0,,,,39003.0,159.0,35741.0,,,165.0,3199.0,15948.0,6975.0,4241.0,11371.0,930.0,901.0,122.0,73.0,84.0,40.0,186.0,81.0,41.0,19.0
OR,MORROW,2022,341.0,499002.0,240349.0,115072.0,866052000.0,370590000.0,495462000.0,10478000.0,4.0,130775.0,,,,,,,1623.0,,4991.0,,,20904.0,,24898.0,7068.0,14786.0,44895.0,56.0,55.0,2.0,4.0,6.0,10.0,41.0,24.0,33.0,110.0
OR,MULTNOMAH,2022,680.0,18543.0,13389.0,8379.0,95892000.0,93361000.0,2530000.0,410000.0,79.0,845.0,,9.0,,,,,,,,,,5.0,1658.0,2005.0,481.0,823.0,10.0,350.0,233.0,27.0,22.0,18.0,5.0,15.0,6.0,4.0,
OR,POLK,2022,1158.0,117938.0,95267.0,23616.0,249678000.0,199885000.0,49793000.0,1223000.0,141.0,6695.0,,5368.0,,,,,22721.0,,20976.0,,,,,7216.0,3048.0,1897.0,5063.0,294.0,489.0,96.0,65.0,47.0,34.0,74.0,31.0,13.0,15.0
OR,SHERMAN,2022,173.0,257887.0,102408.0,1045.0,54820000.0,52405000.0,2415000.0,6566000.0,,98884.0,,,,,,,,,,,,,,1427.0,,1795.0,,3.0,19.0,5.0,4.0,3.0,7.0,15.0,28.0,27.0,62.0
OR,TILLAMOOK,2022,241.0,14636.0,12681.0,4822.0,160694000.0,3099000.0,157595000.0,337000.0,8.0,,,,,,,,,,,,,,2089.0,2326.0,8093.0,1288.0,24053.0,66.0,53.0,20.0,10.0,20.0,10.0,45.0,16.0,1.0,
OR,UMATILLA,2022,1616.0,708548.0,359788.0,132558.0,525616000.0,448021000.0,77595000.0,18081000.0,2009.0,234999.0,,,,,,,4212.0,,10228.0,,,9946.0,2438.0,43425.0,3464.0,26781.0,37.0,553.0,374.0,51.0,55.0,34.0,62.0,126.0,99.0,77.0,185.0
OR,UNION,2022,806.0,96005.0,68104.0,32848.0,74790000.0,42963000.0,31828000.0,1906000.0,,17788.0,,,,,2216.0,,2581.0,,,,,700.0,644.0,34609.0,1807.0,13687.0,21.0,176.0,283.0,26.0,30.0,43.0,29.0,95.0,55.0,41.0,28.0
OR,WALLOWA,2022,480.0,79918.0,45040.0,35133.0,42943000.0,21630000.0,21313000.0,3415000.0,,8474.0,,,,,,,,,,,,,,32529.0,1210.0,15444.0,23.0,93.0,109.0,9.0,26.0,22.0,34.0,80.0,33.0,25.0,49.0
OR,WASCO,2022,458.0,217603.0,91624.0,23082.0,137967000.0,126013000.0,11953000.0,9903000.0,,71121.0,,,,,,,,,,,,,,7478.0,865.0,9062.0,,36.0,116.0,18.0,20.0,25.0,25.0,82.0,31.0,32.0,73.0
OR,WASHINGTON,2022,1793.0,97171.0,81475.0,28146.0,326039000.0,313580000.0,12459000.0,520000.0,249.0,9204.0,,8903.0,,,,,20964.0,292.0,1801.0,,,170.0,1823.0,5076.0,3615.0,1244.0,24.0,778.0,636.0,69.0,67.0,64.0,30.0,100.0,24.0,18.0,7.0
OR,WHEELER,2022,153.0,19751.0,10911.0,8936.0,9549000.0,1413000.0,8136000.0,1226000.0,,,,,,,,,,,,,,,,9353.0,1697.0,7718.0,17.0,6.0,15.0,2.0,4.0,6.0,11.0,27.0,19.0,20.0,43.0
OR,YAMHILL,2022,2000.0,113943.0,100697.0,29171.0,418319000.0,338685000.0,79634000.0,2000000.0,72.0,3540.0,,17938.0,,,,,25305.0,,12111.0,,,14.0,2551.0,9778.0,6235.0,3652.0,7221.0,720.0,865.0,86.0,71.0,77.0,41.0,77.0,37.0,16.0,10.0
WA,ADAMS,2022,558.0,769967.0,374833.0,115112.0,561618000.0,408509000.0,153109000.0,19377000.0,5608.0,289048.0,,,,,6040.0,,927.0,,,,,5415.0,3241.0,12737.0,965.0,8775.0,11200.0,47.0,48.0,25.0,19.0,19.0,48.0,114.0,69.0,53.0,116.0
WA,ASOTIN,2022,144.0,70814.0,27282.0,418.0,20992000.0,16662000.0,4330000.0,3011000.0,,21701.0,,,,,,,,,,,,,,4583.0,394.0,4148.0,,36.0,24.0,7.0,1.0,1.0,3.0,10.0,13.0,16.0,33.0
WA,BENTON,2022,1338.0,463228.0,296142.0,202092.0,1214183000.0,1082522000.0,131660000.0,12903000.0,6992.0,115993.0,,11.0,,,,,,,,,,23954.0,1116.0,8399.0,461.0,6843.0,10210.0,702.0,380.0,26.0,33.0,26.0,11.0,70.0,20.0,13.0,57.0
WA,CHELAN,2022,712.0,27525.0,23295.0,24539.0,269827000.0,262000000.0,7826000.0,6291000.0,8360.0,60.0,,,,,,,,,,,,,,921.0,,190.0,10.0,206.0,280.0,57.0,51.0,37.0,20.0,47.0,9.0,3.0,2.0
WA,CLALLAM,2022,514.0,6708.0,5276.0,2587.0,17006000.0,4813000.0,4416000.0,46000.0,38.0,,,,,,,,,,,,,,194.0,2580.0,1078.0,933.0,8.0,224.0,218.0,17.0,22.0,2.0,9.0,19.0,3.0,,
WA,CLARK,2022,1927.0,22009.0,17532.0,4506.0,58969000.0,35343000.0,23626000.0,149000.0,34.0,,,,,,,,,,,,,,,8634.0,5204.0,3926.0,1037.0,824.0,844.0,89.0,62.0,49.0,16.0,37.0,3.0,3.0,
WA,COLUMBIA,2022,299.0,198737.0,139932.0,3923.0,94872000.0,89733000.0,5140000.0,6209000.0,278.0,101793.0,,,,,,,,,,,,,,6032.0,123.0,1596.0,,21.0,71.0,16.0,27.0,14.0,16.0,39.0,34.0,24.0,37.0
WA,COWLITZ,2022,361.0,14133.0,12765.0,7324.0,30776000.0,23113000.0,7663000.0,16000.0,10.0,,,,,,,,4694.0,,2048.0,,,,,4400.0,1060.0,1726.0,,94.0,177.0,25.0,9.0,10.0,7.0,30.0,2.0,6.0,1.0
WA,DOUGLAS,2022,618.0,508198.0,194518.0,20538.0,254767000.0,244651000.0,10115000.0,19140000.0,9666.0,165951.0,,,,,,,,,,,,611.0,155.0,6165.0,,8955.0,8.0,67.0,127.0,13.0,33.0,22.0,52.0,102.0,40.0,48.0,114.0
WA,FERRY,2022,168.0,11476.0,5008.0,1377.0,3997000.0,1430000.0,2567000.0,90000.0,6.0,,,,,,,,,,,,,,,4613.0,429.0,1078.0,,27.0,29.0,15.0,18.0,8.0,9.0,33.0,15.0,10.0,4.0
WA,FRANKLIN,2022,751.0,451688.0,258191.0,179580.0,1006025000.0,660207000.0,345818000.0,12622000.0,9936.0,91494.0,,372.0,,,1224.0,,1702.0,,1612.0,,,12339.0,9638.0,56696.0,9278.0,9846.0,26183.0,223.0,107.0,7.0,19.0,29.0,22.0,133.0,73.0,69.0,69.0
WA,GARFIELD,2022,204.0,156685.0,79238.0,536.0,54443000.0,49195000.0,5248000.0,6377000.0,,72788.0,,,,,,,,,,,,,,1383.0,616.0,4620.0,,9.0,32.0,2.0,18.0,22.0,9.0,25.0,28.0,20.0,39.0
WA,GRANT,2022,1238.0,814651.0,588834.0,477913.0,2605417000.0,1955954000.0,649463000.0,23380000.0,61627.0,145861.0,,,,,,,1470.0,,765.0,,,37418.0,18590.0,150655.0,16653.0,14023.0,30525.0,169.0,190.0,43.0,58.0,76.0,67.0,210.0,188.0,107.0,130.0
WA,GRAYS HARBOR,2022,369.0,16239.0,8457.0,2194.0,49928000.0,22071000.0,27856000.0,113000.0,3.0,,,,,,,,,,,,,,,3924.0,3465.0,1926.0,1967.0,59.0,169.0,41.0,24.0,16.0,11.0,33.0,9.0,5.0,2.0
WA,ISLAND,2022,377.0,9528.0,8086.0,2520.0,23465000.0,11015000.0,12450000.0,148000.0,16.0,,,12.0,,,,,,,,,,,300.0,3846.0,3305.0,712.0,,140.0,169.0,19.0,16.0,7.0,4.0,16.0,5.0,1.0,
WA,JEFFERSON,2022,188.0,2117.0,1337.0,456.0,16238000.0,3773000.0,12464000.0,55000.0,56.0,,,,,,,,,,,,,,,719.0,240.0,466.0,,60.0,83.0,12.0,18.0,10.0,1.0,1.0,2.0,1.0,
WA,KING,2022,1604.0,19170.0,13351.0,3391.0,102690000.0,60854000.0,41837000.0,288000.0,90.0,7.0,,1.0,,,,,,,,,,4.0,1223.0,3558.0,5873.0,2550.0,5533.0,788.0,664.0,44.0,23.0,32.0,14.0,26.0,8.0,5.0,
WA,KITSAP,2022,570.0,2515.0,1642.0,604.0,13572000.0,8372000.0,5201000.0,,43.0,,,1.0,,,,,,,,,,5.0,,509.0,78.0,449.0,12.0,326.0,226.0,8.0,1.0,1.0,3.0,4.0,,1.0,
WA,KITTITAS,2022,738.0,59201.0,39572.0,49757.0,75568000.0,62280000.0,13288000.0,1114000.0,945.0,955.0,,,,,,,,,,,,,,35627.0,534.0,9810.0,,199.0,311.0,34.0,22.0,25.0,30.0,62.0,30.0,9.0,16.0
WA,KLICKITAT,2022,701.0,223233.0,132387.0,25988.0,130768000.0,112168000.0,18600000.0,8313000.0,1127.0,80905.0,,,,,,,,,,,,,,37040.0,1656.0,13709.0,9.0,57.0,253.0,37.0,37.0,26.0,24.0,113.0,47.0,38.0,69.0
WA,LEWIS,2022,1565.0,53115.0,43326.0,9520.0,197592000.0,83273000.0,114319000.0,624000.0,28.0,1142.0,,113.0,,,,,2874.0,,,,,,,16152.0,12965.0,7051.0,3631.0,252.0,848.0,105.0,104.0,64.0,45.0,108.0,28.0,8.0,3.0
WA,LINCOLN,2022,719.0,792235.0,421751.0,27154.0,208881000.0,195576000.0,13305000.0,23275000.0,5.0,367986.0,,,,,2418.0,,,,,,,,,24098.0,523.0,11610.0,,29.0,70.0,38.0,35.0,18.0,53.0,90.0,107.0,98.0,181.0
WA,MASON,2022,368.0,5065.0,4137.0,1545.0,83323000.0,13563000.0,69760000.0,25000.0,5.0,,,1.0,,,,,,,,,,,,2058.0,500.0,214.0,,157.0,158.0,14.0,9.0,12.0,4.0,8.0,,,6.0
WA,OKANOGAN,2022,1011.0,105529.0,77038.0,50663.0,363677000.0,320530000.0,43147000.0,8780000.0,18133.0,10557.0,,1.0,,,,,,,,,,165.0,893.0,35069.0,2363.0,23599.0,36.0,187.0,292.0,56.0,86.0,81.0,43.0,95.0,70.0,40.0,61.0
WA,PACIFIC,2022,290.0,7755.0,5741.0,3009.0,63338000.0,10047000.0,53291000.0,58000.0,4.0,,,,,,,,,,,,,,,1814.0,2345.0,1431.0,1231.0,41.0,135.0,21.0,21.0,15.0,14.0,24.0,10.0,8.0,1.0
WA,PEND OREILLE,2022,184.0,16020.0,14347.0,1257.0,7245000.0,5369000.0,1876000.0,95000.0,,,,,,,,,,,,,,,,13856.0,372.0,1796.0,3.0,12.0,83.0,13.0,20.0,13.0,12.0,12.0,10.0,4.0,5.0
WA,PIERCE,2022,1347.0,15067.0,11412.0,3391.0,104702000.0,53138000.0,51565000.0,66000.0,65.0,,,9.0,,,,,,,,,,12.0,3.0,5934.0,1436.0,3264.0,469.0,555.0,587.0,55.0,59.0,37.0,16.0,31.0,,7.0,
WA,SAN JUAN,2022,264.0,7928.0,5645.0,473.0,10643000.0,5734000.0,4909000.0,72000.0,54.0,64.0,,4.0,,,,,,,,,,,826.0,2364.0,1971.0,857.0,8.0,44.0,131.0,18.0,27.0,14.0,4.0,19.0,6.0,1.0,
WA,SKAGIT,2022,882.0,68346.0,56074.0,24906.0,366942000.0,268545000.0,98397000.0,1492000.0,169.0,2642.0,,,,,,,,,,,,34.0,8373.0,8084.0,10730.0,3940.0,9401.0,273.0,342.0,62.0,29.0,47.0,37.0,50.0,18.0,12.0,12.0
WA,SKAMANIA,2022,137.0,1646.0,1398.0,483.0,7959000.0,3031000.0,4928000.0,3000.0,23.0,,,,,,,,,,,,,,,407.0,494.0,377.0,4.0,50.0,53.0,4.0,9.0,13.0,1.0,7.0,,,
WA,SNOHOMISH,2022,1418.0,40064.0,30602.0,13162.0,280678000.0,128125000.0,152553000.0,2611000.0,87.0,320.0,,13.0,,,,,,,,,,,8287.0,4570.0,11111.0,3022.0,12722.0,530.0,645.0,66.0,54.0,37.0,25.0,38.0,13.0,6.0,4.0
WA,SPOKANE,2022,2386.0,391751.0,299784.0,16257.0,205001000.0,186043000.0,18958000.0,10526000.0,91.0,156625.0,,,,,16626.0,,,,,,,,,57373.0,4963.0,10290.0,17.0,390.0,1163.0,143.0,136.0,98.0,77.0,173.0,55.0,65.0,86.0
WA,STEVENS,2022,944.0,66443.0,44514.0,4964.0,33095000.0,23441000.0,26718000.0,572000.0,18.0,6006.0,,,,,,,,,,,,,,32034.0,2060.0,7634.0,355.0,90.0,314.0,79.0,86.0,69.0,44.0,152.0,62.0,34.0,14.0
WA,THURSTON,2022,1108.0,19518.0,14072.0,5910.0,190544000.0,39950000.0,150594000.0,203000.0,30.0,,,21.0,,,,,,,,,,7.0,,7081.0,5666.0,4196.0,4969.0,389.0,474.0,69.0,45.0,30.0,31.0,52.0,13.0,5.0,
WA,WAHKIAKUM,2022,142.0,3086.0,1967.0,125.0,3139000.0,303000.0,2836000.0,59000.0,3.0,,,,,,,,,,,,,,,1347.0,529.0,678.0,222.0,30.0,65.0,16.0,2.0,8.0,4.0,11.0,6.0,,
WA,WALLA WALLA,2022,894.0,579774.0,311322.0,88624.0,778562000.0,391204000.0,2822000.0,20134000.0,11431.0,219473.0,,,,,,,,,1182.0,,,6317.0,,14585.0,290.0,2569.0,,195.0,263.0,26.0,29.0,41.0,27.0,94.0,49.0,62.0,108.0
WA,WHATCOM,2022,1582.0,64682.0,55175.0,33999.0,510266000.0,258992000.0,251273000.0,3983000.0,244.0,332.0,,313.0,,,,,,,,,,,10402.0,7659.0,17976.0,3669.0,33507.0,611.0,654.0,81.0,51.0,60.0,22.0,60.0,29.0,11.0,3.0
WA,WHITMAN,2022,933.0,943430.0,685349.0,4583.0,465358000.0,447250000.0,18108000.0,32733000.0,43.0,498473.0,,,,,,,,,,,,165.0,,21385.0,1180.0,10410.0,,84.0,162.0,36.0,43.0,43.0,28.0,142.0,106.0,102.0,187.0
WA,YAKIMA,2022,2523.0,339183.0,249000.0,253035.0,2265510000.0,1434170000.0,831340000.0,21599000.0,53703.0,23961.0,,149.0,,,,,,,,,,15764.0,33812.0,32493.0,13218.0,17817.0,100591.0,943.0,859.0,68.0,119.0,101.0,58.0,182.0,75.0,68.0,50.0
